mean_B,mean_G,mean_R,std_B,std_G,std_R,lbp_0,lbp_1,lbp_2,lbp_3,lbp_4,lbp_5,lbp_6,lbp_7,lbp_8,lbp_9,edge_density,target
203.1048,190.6848,223.9612,42.140453449862164,54.325874580718896,21.57662843356209,0.10159999995936,0.09039999996384,0.039999999984,0.09679999996128,0.10319999995872,0.10479999995808001,0.05159999997936,0.09639999996144001,0.12719999994912,0.18799999992480002,0.2416,0
225.8848,219.4976,234.4988,30.175293353337924,39.78813383711279,16.08486240413638,0.09639999996144001,0.0879999999648,0.04039999998384,0.11079999995568,0.08759999996496,0.09839999996064,0.04639999998144,0.09879999996048,0.13479999994608,0.19839999992064,0.1436,0
169.4956,141.3516,195.352,42.781177878127664,57.78300076527698,40.66862299119556,0.09439999996224001,0.09399999996240001,0.06519999997392001,0.11439999995424001,0.13119999994752002,0.09279999996288,0.05039999997984,0.08399999996640001,0.09959999996016,0.1739999999304,0.2736,0
218.8028,210.438,227.1176,33.35124453689847,44.49758370968024,25.427712642705398,0.10839999995664,0.1179999999528,0.04519999998192,0.09959999996016,0.08279999996688,0.09359999996256001,0.04919999998032,0.10439999995824001,0.10639999995744001,0.19239999992304002,0.2276,0
221.768,213.3792,230.5604,29.398921340756708,39.63759083698201,18.43266534823437,0.11319999995472001,0.09399999996240001,0.04959999998016,0.11919999995232,0.09079999996368,0.08879999996448,0.04959999998016,0.10519999995792001,0.09679999996128,0.19279999992288002,0.248,0
220.2792,213.7544,225.2244,42.570549061058635,53.378989130930535,35.83248309341679,0.07919999996832,0.08279999996688,0.03639999998544,0.10959999995616,0.06559999997376001,0.1219999999512,0.037999999984800005,0.10079999995968,0.21679999991328,0.14879999994048002,0.1616,0
218.77,212.898,233.5336,28.303955553950406,32.83932392726744,11.796307517185198,0.09039999996384,0.10479999995808001,0.05359999997856,0.08959999996416,0.14719999994112,0.0979999999608,0.056799999977280004,0.08599999996560001,0.10519999995792001,0.16839999993264002,0.2152,0
215.8572,206.8616,224.6764,46.5765607163088,58.878166118180005,35.567013974186814,0.09679999996128,0.09959999996016,0.037599999984960004,0.09759999996096,0.09479999996208001,0.11519999995392001,0.057999999976800005,0.09239999996304,0.12879999994848002,0.17919999992832,0.1956,0
208.3616,193.9024,229.936,35.82664435081801,48.56019022038526,14.439359542583599,0.09159999996336,0.10039999995984,0.06439999997424001,0.11119999995552,0.10919999995632,0.11079999995568,0.06279999997488,0.09119999996352,0.09319999996272,0.16519999993392,0.2824,0
203.98,196.35,230.5492,62.7612141373954,73.99365580913002,23.314861770124224,0.07039999997184,0.08559999996576001,0.028399999988640002,0.07679999996928,0.08479999996608001,0.11919999995232,0.047199999981120004,0.09439999996224001,0.23479999990608,0.15839999993664,0.0968,0
223.168,215.6352,234.614,33.17604822759938,44.367714849426264,13.82297377556653,0.10399999995840001,0.09479999996208001,0.04079999998368,0.09559999996176001,0.07559999996976001,0.09319999996272,0.051999999979200004,0.11159999995536,0.13479999994608,0.19759999992096,0.1108,0
179.0612,155.7644,207.5116,44.83755406531449,59.69227833346621,31.472557338735594,0.10159999995936,0.11479999995408001,0.04839999998064,0.08039999996784,0.11719999995312,0.08359999996656,0.04519999998192,0.1019999999592,0.11599999995360001,0.19079999992368002,0.2116,0
198.4824,184.328,204.6188,47.78465957020098,64.20592819981655,45.7277496336743,0.11439999995424001,0.10479999995808001,0.05919999997632,0.09999999996,0.07639999996944,0.08599999996560001,0.05079999997968,0.09839999996064,0.11159999995536,0.19839999992064,0.2692,0
221.2156,213.238,229.4512,30.81357357788934,41.03432412018017,20.39957888192793,0.09839999996064,0.09399999996240001,0.05079999997968,0.12519999994992,0.09159999996336,0.08159999996736,0.0439999999824,0.11599999995360001,0.09879999996048,0.19959999992016,0.2352,0
212.31,202.5948,219.6436,49.34498454757079,64.25847969692406,39.50832543958298,0.06559999997376001,0.09439999996224001,0.028799999988480002,0.08599999996560001,0.05879999997648,0.12239999995104,0.04959999998016,0.0919999999632,0.23479999990608,0.16759999993296001,0.1232,0
221.3124,211.8668,234.6252,26.972690007487202,37.24694158934395,10.795143582185464,0.09999999996,0.09919999996032,0.047999999980800005,0.10959999995616,0.10519999995792001,0.09559999996176001,0.04359999998256,0.09119999996352,0.11439999995424001,0.19319999992272002,0.208,0
221.2484,211.69,233.1856,31.101554582367747,43.08438580274761,14.122434373719,0.10679999995728001,0.09559999996176001,0.046799999981280004,0.11519999995392001,0.09399999996240001,0.08919999996432,0.05119999997952,0.0979999999608,0.10399999995840001,0.19919999992032,0.2264,0
221.8272,212.8808,233.356,32.617095826575365,44.13076241534923,14.245605076654343,0.11079999995568,0.09359999996256001,0.0439999999824,0.09119999996352,0.08559999996576001,0.0819999999672,0.05919999997632,0.1019999999592,0.1219999999512,0.20959999991616002,0.1824,0
225.1236,218.2572,235.3704,33.88639141366339,44.95418832722931,13.921681070905194,0.09359999996256001,0.08719999996512,0.028399999988640002,0.1019999999592,0.09639999996144001,0.09839999996064,0.05079999997968,0.10439999995824001,0.12879999994848002,0.20999999991600002,0.104,0
189.2552,169.0456,222.19,43.07399764312572,58.409864925712675,19.022794221669958,0.10399999995840001,0.10239999995904,0.046799999981280004,0.07599999996960001,0.09919999996032,0.10439999995824001,0.056799999977280004,0.09919999996032,0.12519999994992,0.1859999999256,0.1304,0
208.298,203.516,218.1792,51.75911510062744,56.236679702841634,43.86190017954078,0.10679999995728001,0.09679999996128,0.042399999983040004,0.11039999995584,0.089999999964,0.1079999999568,0.047599999980960005,0.09639999996144001,0.11959999995216,0.1819999999272,0.2376,0
218.7492,215.104,224.1424,41.70819463079168,47.116574408587894,34.768556516484836,0.08359999996656,0.08599999996560001,0.03319999998672,0.09879999996048,0.06679999997328,0.12719999994912,0.05479999997808,0.10559999995776001,0.1659999999336,0.1779999999288,0.1972,0
230.028,227.4388,232.8852,30.875233051752012,34.982324887863015,26.536149324270845,0.05639999997744,0.06439999997424001,0.02079999999168,0.10439999995824001,0.04879999998048,0.1339999999464,0.031199999987520002,0.08639999996544001,0.31319999987472,0.14039999994384,0.1308,0
215.452,207.5728,234.6864,34.12627867201462,42.3765583803121,10.961133839160984,0.09599999996160001,0.09439999996224001,0.05479999997808,0.12159999995136,0.10879999995648,0.09919999996032,0.051999999979200004,0.08959999996416,0.10159999995936,0.1819999999272,0.2584,0
228.3824,221.5956,233.396,27.438661961546156,38.14476714622859,21.348779449888934,0.11159999995536,0.0919999999632,0.041999999983200004,0.10519999995792001,0.07599999996960001,0.08279999996688,0.04959999998016,0.10079999995968,0.14839999994064001,0.19159999992336002,0.1636,0
205.394,192.582,224.1856,41.986973741864276,53.98081951952934,25.462473419524663,0.10879999995648,0.10359999995856001,0.04839999998064,0.08839999996464,0.09319999996272,0.0919999999632,0.052399999979040005,0.10959999995616,0.11039999995584,0.19319999992272002,0.1972,0
210.524,206.4888,218.7132,51.51130190550419,56.14684563321433,43.10297142610936,0.11159999995536,0.09079999996368,0.04479999998208,0.09319999996272,0.08319999996672,0.10599999995760001,0.046799999981280004,0.09239999996304,0.14159999994336,0.18959999992416002,0.2188,0
213.6984,208.5976,235.944,35.94991289892091,41.47968748966173,9.619649889678938,0.10639999995744001,0.10879999995648,0.04999999998,0.08599999996560001,0.10279999995888,0.10479999995808001,0.06039999997584,0.089999999964,0.10879999995648,0.1819999999272,0.2676,0
195.9752,184.0888,230.3108,41.322557822090346,50.10349403544627,12.490948857472757,0.09999999996,0.09839999996064,0.06839999997264,0.09559999996176001,0.10279999995888,0.1119999999552,0.058399999976640006,0.08239999996704,0.10279999995888,0.17919999992832,0.3076,0
214.3496,203.3968,232.7184,33.601240748519984,43.74690103035871,13.09781284947987,0.0979999999608,0.10359999995856001,0.05639999997744,0.10959999995616,0.08919999996432,0.09239999996304,0.05479999997808,0.09159999996336,0.10919999995632,0.19519999992192,0.2472,0
220.1768,211.366,232.604,36.492025728369754,48.48899301903474,16.75627595857743,0.10679999995728001,0.09039999996384,0.042799999982880005,0.1079999999568,0.08919999996432,0.0979999999608,0.04519999998192,0.09599999996160001,0.1259999999496,0.19759999992096,0.1848,0
225.1292,218.482,235.0284,33.77335795208999,45.082432010706796,15.58246429291593,0.10679999995728001,0.09559999996176001,0.03319999998672,0.07119999997152,0.07159999997136,0.09119999996352,0.04839999998064,0.10319999995872,0.16879999993248002,0.20999999991600002,0.112,0
223.3612,214.8756,231.1512,32.72523696720927,43.876482591930724,21.510730776986634,0.10079999995968,0.09559999996176001,0.046799999981280004,0.11879999995248,0.09239999996304,0.08679999996528,0.05079999997968,0.10399999995840001,0.11359999995456001,0.19039999992384002,0.2032,0
213.812,206.3348,224.2704,43.517580998948006,50.82087276857808,33.81741095707949,0.10879999995648,0.09359999996256001,0.04159999998336,0.09679999996128,0.09319999996272,0.08359999996656,0.043199999982720005,0.10439999995824001,0.12719999994912,0.20759999991696002,0.204,0
208.6232,205.7488,214.75,50.38611338216116,51.92674165167693,44.76108466067372,0.10679999995728001,0.10639999995744001,0.04439999998224,0.11359999995456001,0.08519999996592001,0.08959999996416,0.04639999998144,0.10119999995952,0.11119999995552,0.19519999992192,0.2616,0
220.3452,212.1428,230.9692,39.93362038383197,53.01108571006634,22.426686143075173,0.08399999996640001,0.08359999996656,0.03159999998736,0.07959999996816,0.06279999997488,0.1119999999552,0.04039999998384,0.10559999995776001,0.23479999990608,0.16559999993376,0.1268,0
224.0864,217.0544,232.9964,34.27753396964257,43.318331461864965,18.11109016707719,0.10479999995808001,0.09519999996192001,0.04839999998064,0.1119999999552,0.08319999996672,0.08839999996464,0.04159999998336,0.10279999995888,0.13039999994784002,0.19319999992272002,0.164,0
206.3664,200.6836,215.612,52.117192470815226,56.45345951347889,45.33358860712441,0.10599999995760001,0.08639999996544001,0.04479999998208,0.11559999995376001,0.11639999995344001,0.0979999999608,0.0439999999824,0.09319999996272,0.09759999996096,0.1979999999208,0.2756,0
224.9964,216.46,232.1004,26.649645157862796,36.82158606035324,18.8200722591599,0.10119999995952,0.09439999996224001,0.0459999999816,0.13079999994768002,0.10279999995888,0.08439999996624001,0.04479999998208,0.11039999995584,0.09839999996064,0.18679999992528,0.2328,0
213.9768,211.728,219.2852,46.0945491545367,47.419932686582335,41.94061350242745,0.11079999995568,0.09479999996208001,0.05439999997824,0.11439999995424001,0.0819999999672,0.09159999996336,0.04999999998,0.10119999995952,0.10479999995808001,0.1959999999216,0.256,0
217.304,215.8936,221.374,45.49655353980124,46.23171075182055,41.38629391477328,0.11479999995408001,0.10879999995648,0.039999999984,0.10679999995728001,0.07119999997152,0.09359999996256001,0.05359999997856,0.10759999995696,0.11119999995552,0.19239999992304002,0.216,0
210.612,208.532,216.4028,48.11161040746818,50.17487195798311,42.230393701219505,0.10679999995728001,0.09279999996288,0.03879999998448,0.11119999995552,0.09159999996336,0.10599999995760001,0.0559999999776,0.10119999995952,0.11959999995216,0.1759999999296,0.2696,0
203.7832,189.0836,218.1732,48.96364567472484,62.953651292359524,36.07924613624847,0.08119999996752,0.10319999995872,0.0539999999784,0.12839999994864001,0.13039999994784002,0.10079999995968,0.05559999997776,0.08439999996624001,0.09039999996384,0.17159999993136002,0.266,0
218.1924,207.9788,225.6776,39.439728475738775,52.19537863221226,33.40750900980198,0.10559999995776001,0.0979999999608,0.04159999998336,0.12079999995168,0.089999999964,0.08119999996752,0.052399999979040005,0.08919999996432,0.12279999995088,0.19839999992064,0.2036,0
226.1088,218.968,232.4196,30.462937523489096,40.182261957236804,21.593395653301034,0.11279999995488,0.09319999996272,0.04079999998368,0.0919999999632,0.09959999996016,0.08519999996592001,0.047599999980960005,0.09919999996032,0.12039999995184,0.20919999991632002,0.1736,0
220.6812,211.7688,231.8128,37.09954671636838,50.756258200935186,18.472426915811578,0.0679999999728,0.08239999996704,0.03519999998592,0.08679999996528,0.07159999997136,0.12959999994816002,0.05519999997792,0.09079999996368,0.22479999991008,0.15559999993776,0.1096,0
217.2532,206.7984,229.9008,37.852190025941695,51.50547308238223,18.78179329457121,0.08839999996464,0.08599999996560001,0.04039999998384,0.09159999996336,0.10079999995968,0.10759999995696,0.05639999997744,0.09759999996096,0.12839999994864001,0.20279999991888,0.154,0
215.786,203.5904,228.1488,33.6352345613941,46.64169194872759,19.16750006025825,0.10519999995792001,0.0879999999648,0.046799999981280004,0.12479999995008001,0.1219999999512,0.09959999996016,0.05079999997968,0.09879999996048,0.08919999996432,0.17479999993008,0.2484,0
214.7788,205.6928,227.5576,41.58370198238728,53.4726773984621,23.54375250974237,0.08079999996768,0.09879999996048,0.03519999998592,0.11759999995296,0.09159999996336,0.11079999995568,0.05439999997824,0.09359999996256001,0.14759999994096,0.16959999993216002,0.1908,0
212.174,201.426,228.5336,42.90672352906943,56.40121030616276,19.988018186903872,0.09919999996032,0.09679999996128,0.037199999985120004,0.10439999995824001,0.08599999996560001,0.09079999996368,0.04479999998208,0.089999999964,0.1379999999448,0.21279999991488002,0.1452,0
192.8592,189.234,201.3824,63.55864831287714,66.51986803955643,56.865020621116464,0.10519999995792001,0.09959999996016,0.05159999997936,0.11839999995264,0.09839999996064,0.10239999995904,0.0459999999816,0.09919999996032,0.09839999996064,0.18079999992768,0.2768,0
219.0908,217.796,222.8856,41.22971932186781,41.77462368472037,37.05972089263491,0.10959999995616,0.10279999995888,0.05079999997968,0.11239999995504,0.07319999997072,0.08679999996528,0.05039999997984,0.10399999995840001,0.11599999995360001,0.1939999999224,0.2212,0
217.2456,215.2532,221.5384,44.631536839324724,47.39073632852733,39.0277712076926,0.08639999996544001,0.09359999996256001,0.042399999983040004,0.09439999996224001,0.07599999996960001,0.09919999996032,0.04039999998384,0.10279999995888,0.16879999993248002,0.1959999999216,0.1972,0
218.336,207.7392,229.978,35.43250349608393,47.311638984080865,18.856805561918488,0.09679999996128,0.10919999995632,0.042799999982880005,0.1179999999528,0.09719999996112,0.09399999996240001,0.05959999997616,0.09759999996096,0.10159999995936,0.18319999992672,0.216,0
225.2824,217.6644,232.2156,30.501990922561106,40.66634693010918,21.507308447130246,0.07959999996816,0.08079999996768,0.032799999986880005,0.10319999995872,0.09559999996176001,0.11959999995216,0.05519999997792,0.10319999995872,0.16319999993472,0.16679999993328,0.1576,0
221.1264,211.6196,230.564,30.310117502906518,42.81426509751161,17.942895641450963,0.0979999999608,0.09519999996192001,0.037999999984800005,0.11239999995504,0.11039999995584,0.09359999996256001,0.0439999999824,0.09679999996128,0.11759999995296,0.1939999999224,0.2096,0
213.536,202.082,226.7292,40.58654831344986,55.14415359763898,24.37764277693805,0.08919999996432,0.08599999996560001,0.04039999998384,0.10159999995936,0.11679999995328001,0.10839999995664,0.06119999997552,0.09639999996144001,0.11919999995232,0.18079999992768,0.1784,0
221.5524,213.1244,230.9668,30.936736321725988,41.711716874758345,17.94712505556252,0.09559999996176001,0.10159999995936,0.057599999976960005,0.11359999995456001,0.10319999995872,0.09559999996176001,0.04999999998,0.10319999995872,0.10039999995984,0.17919999992832,0.1984,0
215.1044,206.6336,227.0104,38.71397552099241,47.9393799609465,26.538513369064216,0.10519999995792001,0.10759999995696,0.04639999998144,0.09959999996016,0.09839999996064,0.08599999996560001,0.04479999998208,0.09599999996160001,0.11759999995296,0.19839999992064,0.2076,0
202.7868,191.6832,220.1208,47.429869763262055,58.08580237682871,32.81392093852851,0.09839999996064,0.09239999996304,0.05519999997792,0.11239999995504,0.09319999996272,0.10439999995824001,0.056799999977280004,0.08519999996592001,0.10759999995696,0.19439999992224,0.174,0
210.6116,209.3276,215.3988,52.64711906116041,54.12946959134183,47.278576105462406,0.12519999994992,0.09599999996160001,0.03919999998432,0.09319999996272,0.07119999997152,0.09719999996112,0.04439999998224,0.10479999995808001,0.12439999995024001,0.20439999991824,0.2004,0
221.8552,219.4328,225.8956,32.879571666309765,34.82081969397045,29.1517941238614,0.10839999995664,0.10879999995648,0.046799999981280004,0.109999999956,0.07239999997104,0.08479999996608001,0.039999999984,0.11079999995568,0.11319999995472001,0.20479999991808,0.2712,0
218.8024,214.5464,224.0656,35.921505456202695,41.2282020835253,30.004074667284776,0.09239999996304,0.09879999996048,0.04959999998016,0.09479999996208001,0.0819999999672,0.11959999995216,0.04439999998224,0.09719999996112,0.14359999994256,0.17759999992896,0.2568,0
228.0948,221.1912,234.4064,27.403872225654535,37.26653515635711,17.84034862439633,0.10519999995792001,0.08679999996528,0.041999999983200004,0.10239999995904,0.09039999996384,0.08839999996464,0.0459999999816,0.10319999995872,0.15039999993984002,0.18519999992592,0.1572,0
216.6524,204.9624,226.7668,34.39662155270485,47.74728668982144,23.70136742384287,0.089999999964,0.09279999996288,0.04959999998016,0.1379999999448,0.11679999995328001,0.08639999996544001,0.047199999981120004,0.09479999996208001,0.10879999995648,0.17559999992976,0.2372,0
213.4264,200.6576,226.2612,35.08016794486594,49.147666905357774,20.699781993054902,0.08959999996416,0.09439999996224001,0.04919999998032,0.12879999994848002,0.11839999995264,0.09319999996272,0.051999999979200004,0.09679999996128,0.09879999996048,0.17879999992848,0.2516,0
204.834,189.704,223.6932,41.60564437669485,57.32350638263503,21.61138296731609,0.089999999964,0.08919999996432,0.04999999998,0.11599999995360001,0.11879999995248,0.10719999995712,0.05439999997824,0.10519999995792001,0.0979999999608,0.17119999993152002,0.1968,0
208.7624,196.638,224.4712,43.06804321350112,56.49612868153003,24.79340982116014,0.08319999996672,0.08279999996688,0.053199999978720006,0.11599999995360001,0.14479999994208,0.12239999995104,0.05879999997648,0.08439999996624001,0.09239999996304,0.1619999999352,0.2076,0
217.0792,206.256,225.314,33.57098937118178,46.69039370148854,25.730981403747506,0.11319999995472001,0.10399999995840001,0.0459999999816,0.10839999995664,0.08959999996416,0.08279999996688,0.04959999998016,0.09599999996160001,0.1079999999568,0.20239999991904,0.2596,0
202.0524,185.6928,218.0068,40.70113578562643,56.393382840187904,30.677424170878492,0.10679999995728001,0.10039999995984,0.03879999998448,0.119999999952,0.12119999995152,0.08439999996624001,0.042399999983040004,0.09839999996064,0.10679999995728001,0.18079999992768,0.268,0
176.9376,150.4924,206.1944,43.563205876519234,59.890603121357856,27.47947249566483,0.10879999995648,0.10359999995856001,0.04359999998256,0.10919999995632,0.10079999995968,0.08519999996592001,0.057999999976800005,0.09479999996208001,0.10639999995744001,0.18959999992416002,0.2596,0
183.1108,169.0424,199.1584,59.72035602171173,71.73462624311917,48.727935616440796,0.09959999996016,0.10239999995904,0.059999999976,0.10679999995728001,0.09119999996352,0.0979999999608,0.06079999997568,0.09279999996288,0.10399999995840001,0.18439999992624,0.2576,0
219.986,217.96,224.6592,37.72612097738118,39.73829387379383,32.53287345685899,0.09039999996384,0.08279999996688,0.037599999984960004,0.10959999995616,0.061999999975200004,0.09879999996048,0.052799999978880005,0.09879999996048,0.19279999992288002,0.17439999993024,0.2048,0
219.1132,208.8768,227.8924,37.543238882120974,50.04794523014906,26.792775560587224,0.09279999996288,0.08519999996592001,0.04359999998256,0.13439999994624,0.10359999995856001,0.08719999996512,0.04999999998,0.09359999996256001,0.12159999995136,0.18799999992480002,0.2028,0
225.7272,217.3168,232.4876,26.537866910511102,37.42070600296044,18.61376496681958,0.0979999999608,0.09999999996,0.0439999999824,0.11159999995536,0.08879999996448,0.08359999996656,0.047199999981120004,0.10599999995760001,0.11599999995360001,0.20479999991808,0.1968,0
227.7668,220.9156,234.2488,28.103971565599053,38.259739631105695,18.028813010289948,0.10359999995856001,0.09079999996368,0.0339999999864,0.10399999995840001,0.07319999997072,0.09719999996112,0.06039999997584,0.10719999995712,0.13199999994720002,0.19759999992096,0.1756,0
226.3236,218.8848,233.2364,28.63710325853507,38.786682365987424,18.256015858888816,0.10239999995904,0.09519999996192001,0.0459999999816,0.1079999999568,0.08839999996464,0.09039999996384,0.04999999998,0.11639999995344001,0.11159999995536,0.19159999992336002,0.188,0
225.1256,217.5816,231.2968,31.54727602567296,42.00653450881184,22.670348690745804,0.11439999995424001,0.10319999995872,0.03879999998448,0.08879999996448,0.07519999996992001,0.09159999996336,0.03519999998592,0.10919999995632,0.13919999994432,0.20439999991824,0.1804,0
212.0292,198.654,223.022,37.74513938721117,51.75167518061614,27.422223031694568,0.09759999996096,0.09119999996352,0.0459999999816,0.13519999994592,0.10319999995872,0.08759999996496,0.0539999999784,0.09439999996224001,0.10759999995696,0.18319999992672,0.2824,0
178.1404,151.9112,209.6816,45.73225434898219,62.14539174033743,25.092584989195515,0.09359999996256001,0.09559999996176001,0.06119999997552,0.11879999995248,0.11599999995360001,0.08599999996560001,0.07159999997136,0.08559999996576001,0.0979999999608,0.17359999993056,0.182,0
154.494,120.2016,198.392,34.230331053029566,45.04139604230757,21.415506905044296,0.10159999995936,0.10959999995616,0.06719999997312,0.09239999996304,0.09559999996176001,0.08479999996608001,0.06479999997408001,0.08599999996560001,0.1119999999552,0.1859999999256,0.1548,0
177.9572,152.252,205.454,46.423702654570754,63.82690730405164,29.77829887686669,0.10319999995872,0.09439999996224001,0.04879999998048,0.10039999995984,0.10639999995744001,0.10159999995936,0.0559999999776,0.09519999996192001,0.11159999995536,0.18239999992704,0.1796,0
178.2032,154.5512,204.414,51.42571642437274,67.21401772368618,33.685833877165635,0.08839999996464,0.09279999996288,0.06079999997568,0.1079999999568,0.11879999995248,0.10839999995664,0.056799999977280004,0.08639999996544001,0.10559999995776001,0.1739999999304,0.254,0
219.3136,211.2036,229.118,37.704345307139334,47.75426836461847,21.844634947739454,0.0879999999648,0.09319999996272,0.04039999998384,0.10479999995808001,0.10399999995840001,0.1359999999456,0.04919999998032,0.08399999996640001,0.11599999995360001,0.18439999992624,0.1816,0
196.7624,178.3292,218.9268,39.04224822215032,52.89102029040468,22.63119620700594,0.09839999996064,0.10559999995776001,0.051999999979200004,0.10359999995856001,0.12679999994928,0.08239999996704,0.052799999978880005,0.0919999999632,0.10239999995904,0.1839999999264,0.2924,0
203.9856,188.2836,219.902,39.68729510359707,55.36501396224876,25.723320081202584,0.10679999995728001,0.10639999995744001,0.05879999997648,0.11239999995504,0.089999999964,0.08759999996496,0.05519999997792,0.09639999996144001,0.10599999995760001,0.18039999992784,0.2688,0
157.1424,118.8456,188.1976,36.49554112819811,52.25565769024441,25.079508652284236,0.09239999996304,0.10319999995872,0.06479999997408001,0.09559999996176001,0.08679999996528,0.09359999996256001,0.06759999997296,0.09879999996048,0.10479999995808001,0.19239999992304002,0.14,0
164.1416,135.622,188.7932,51.67176356038179,68.90844299503509,39.31491363032609,0.08639999996544001,0.10679999995728001,0.05039999997984,0.08479999996608001,0.09479999996208001,0.11439999995424001,0.06079999997568,0.09079999996368,0.13359999994656,0.17719999992912,0.126,0
220.4112,222.9964,235.3556,37.77790511079194,37.796449397264816,17.065765398598447,0.10519999995792001,0.10959999995616,0.04079999998368,0.08639999996544001,0.08039999996784,0.0919999999632,0.056799999977280004,0.0979999999608,0.1119999999552,0.21879999991248,0.1464,0
215.77,214.8048,234.4808,38.84660474224228,43.36455115598454,14.38332476724349,0.09719999996112,0.10079999995968,0.0559999999776,0.09999999996,0.0879999999648,0.09919999996032,0.056799999977280004,0.0879999999648,0.11159999995536,0.20239999991904,0.1892,0
203.2252,186.596,211.378,47.27987399475595,65.05766660432882,41.399322651463756,0.09919999996032,0.09919999996032,0.05439999997824,0.11279999995488,0.09239999996304,0.09439999996224001,0.04359999998256,0.09599999996160001,0.10879999995648,0.19919999992032,0.2276,0
222.288,213.0764,230.3544,32.29856120634478,43.71423753241042,21.558738382382213,0.09559999996176001,0.0879999999648,0.05479999997808,0.12639999994944,0.08359999996656,0.09639999996144001,0.05439999997824,0.1019999999592,0.09879999996048,0.19999999992,0.214,0
218.9884,208.7012,227.2444,34.963653491018356,48.63008038817127,24.861356934809493,0.10399999995840001,0.08879999996448,0.04359999998256,0.11399999995440001,0.09239999996304,0.08719999996512,0.0459999999816,0.10599999995760001,0.11599999995360001,0.2019999999192,0.2388,0
204.044,187.8884,218.7684,44.55492412741829,61.90928157748239,30.07407457329319,0.10959999995616,0.0879999999648,0.047599999980960005,0.11119999995552,0.09839999996064,0.09239999996304,0.05039999997984,0.09159999996336,0.11119999995552,0.19959999992016,0.202,0
156.808,123.8944,180.5216,52.1196463533666,70.7614248629859,45.21100677312993,0.09919999996032,0.09839999996064,0.06519999997392001,0.09239999996304,0.11239999995504,0.10479999995808001,0.056799999977280004,0.09239999996304,0.10039999995984,0.1779999999288,0.24,0
201.0984,184.4944,218.8532,43.35096674170023,58.4557642037122,26.498808459249638,0.09719999996112,0.09959999996016,0.05519999997792,0.11279999995488,0.09639999996144001,0.1019999999592,0.05519999997792,0.09679999996128,0.09759999996096,0.18719999992512001,0.2108,0
211.0728,199.2328,224.5748,39.78481494439807,53.377615197384,23.71577544504923,0.09479999996208001,0.09079999996368,0.04159999998336,0.09919999996032,0.09839999996064,0.10479999995808001,0.05079999997968,0.09519999996192001,0.13959999994416,0.18479999992608,0.1936,0
215.4028,204.3104,226.1044,32.59452334610831,44.4406351421759,20.39923284439883,0.1019999999592,0.10119999995952,0.04919999998032,0.11599999995360001,0.08479999996608001,0.09519999996192001,0.04839999998064,0.09239999996304,0.1079999999568,0.20279999991888,0.2864,0
207.2048,192.464,222.0188,35.217661151189475,48.83113662408443,22.131390524772726,0.09919999996032,0.09599999996160001,0.0719999999712,0.11159999995536,0.10319999995872,0.09479999996208001,0.051999999979200004,0.09039999996384,0.09239999996304,0.18839999992464002,0.2972,0
197.5516,179.1832,211.812,43.824524383500155,60.761014127152286,32.03323049584603,0.1079999999568,0.09119999996352,0.05879999997648,0.11479999995408001,0.1019999999592,0.0879999999648,0.047999999980800005,0.10239999995904,0.09959999996016,0.18719999992512001,0.2744,0
177.1836,159.378,193.3604,57.81905128104404,70.34247590183331,48.09689503325553,0.10279999995888,0.09359999996256001,0.056799999977280004,0.11239999995504,0.10559999995776001,0.09119999996352,0.057599999976960005,0.0979999999608,0.09319999996272,0.18879999992448002,0.2896,0
130.594,90.7796,162.6544,37.966052784033266,43.59063917677739,37.59236838295773,0.10839999995664,0.09639999996144001,0.06399999997440001,0.08959999996416,0.08599999996560001,0.07919999996832,0.07159999997136,0.1019999999592,0.11319999995472001,0.18959999992416002,0.1444,0
141.786,111.4224,166.7392,54.81120509530876,68.32521626925157,49.51124299954506,0.09239999996304,0.0979999999608,0.06679999997328,0.10079999995968,0.1019999999592,0.09479999996208001,0.079999999968,0.08519999996592001,0.10159999995936,0.17839999992864,0.2,0
207.4396,192.728,216.3792,45.028603707421354,61.51551036933694,36.77684335774347,0.10599999995760001,0.10079999995968,0.05119999997952,0.10919999995632,0.08719999996512,0.08359999996656,0.04839999998064,0.10239999995904,0.11319999995472001,0.1979999999208,0.2476,0
181.284,157.7452,196.9016,54.723546522497976,74.09494636586223,43.66604994088657,0.10639999995744001,0.09879999996048,0.05439999997824,0.09959999996016,0.10559999995776001,0.08919999996432,0.04439999998224,0.0979999999608,0.11359999995456001,0.18999999992400002,0.2372,0
222.7108,214.1244,229.6172,30.78720453954857,41.71136205687846,22.519686147013683,0.11039999995584,0.09679999996128,0.047999999980800005,0.13199999994720002,0.07479999997008001,0.07559999996976001,0.0459999999816,0.10359999995856001,0.10919999995632,0.20359999991856,0.2596,0
218.1764,208.7292,227.9404,38.70691518372395,51.9785096685159,25.23353419241942,0.11079999995568,0.09559999996176001,0.0359999999856,0.10319999995872,0.10439999995824001,0.09359999996256001,0.04439999998224,0.10039999995984,0.11519999995392001,0.19639999992144,0.1892,0
209.3864,195.4984,221.2832,41.46822753675397,57.34532236756543,28.812479896045048,0.10279999995888,0.09959999996016,0.04999999998,0.11599999995360001,0.0979999999608,0.08319999996672,0.047999999980800005,0.10119999995952,0.10079999995968,0.20039999991984,0.2564,0
199.7188,182.0108,216.8696,44.63269347193825,62.41023861002295,28.103263081713486,0.11119999995552,0.089999999964,0.041999999983200004,0.10719999995712,0.10279999995888,0.09039999996384,0.05559999997776,0.10479999995808001,0.1019999999592,0.1939999999224,0.2244,0
193.3332,172.1764,214.6988,43.386253327062015,61.03826081270665,25.8170811394317,0.11039999995584,0.09999999996,0.04879999998048,0.09839999996064,0.10599999995760001,0.09399999996240001,0.0559999999776,0.09719999996112,0.10519999995792001,0.1839999999264,0.2064,0
207.6076,193.0148,221.962,40.26520113249156,56.30347929710916,25.056203942337316,0.10479999995808001,0.10079999995968,0.041999999983200004,0.09439999996224001,0.09559999996176001,0.09519999996192001,0.05159999997936,0.09319999996272,0.119999999952,0.20239999991904,0.1828,0
177.7292,153.5956,196.5664,48.68704003490046,64.18895279282877,41.92758508476251,0.10039999995984,0.10159999995936,0.05919999997632,0.09919999996032,0.09719999996112,0.089999999964,0.069999999972,0.08559999996576001,0.11319999995472001,0.18359999992656,0.2384,0
197.9004,188.2516,211.0276,56.60751964041527,65.58273170156912,44.3830106937328,0.09479999996208001,0.08359999996656,0.04159999998336,0.0979999999608,0.07879999996848,0.0979999999608,0.05519999997792,0.09839999996064,0.16879999993248002,0.18279999992688,0.202,0
207.4376,199.4684,219.172,49.007335228922614,55.88914207106779,32.89052167418449,0.09559999996176001,0.10039999995984,0.047999999980800005,0.1079999999568,0.089999999964,0.10039999995984,0.06639999997344,0.10119999995952,0.10959999995616,0.18039999992784,0.2416,0
187.1532,169.9204,202.7528,53.139839384025244,66.7745495218051,41.109138791271214,0.11239999995504,0.09919999996032,0.04639999998144,0.09479999996208001,0.08759999996496,0.09279999996288,0.05479999997808,0.09879999996048,0.1119999999552,0.20119999991952,0.2536,0
163.0008,136.5248,183.1744,48.52769105737466,62.11934791158066,41.37300550648938,0.10239999995904,0.09959999996016,0.07319999997072,0.09999999996,0.09239999996304,0.08319999996672,0.07639999996944,0.08959999996416,0.10039999995984,0.18279999992688,0.334,0
170.9752,142.0224,190.9576,48.907211993324665,67.6530405690683,36.42191376410635,0.10319999995872,0.11279999995488,0.05359999997856,0.09599999996160001,0.08719999996512,0.08879999996448,0.06119999997552,0.09919999996032,0.10959999995616,0.18839999992464002,0.2676,0
174.5724,158.0768,188.72,64.7557438243126,76.15155219534267,56.53261005826637,0.09719999996112,0.10039999995984,0.05639999997744,0.1219999999512,0.11239999995504,0.09719999996112,0.05479999997808,0.09119999996352,0.09599999996160001,0.17239999993104002,0.296,0
149.1764,125.4168,169.146,57.8035127223251,70.82780158779461,50.69885091400001,0.10119999995952,0.09359999996256001,0.06119999997552,0.10679999995728001,0.10959999995616,0.10479999995808001,0.058399999976640006,0.08599999996560001,0.10159999995936,0.17679999992928,0.2956,0
213.5436,207.446,217.5984,54.411845208924866,66.10694278213144,49.480302317588965,0.06879999997248,0.07519999996992001,0.02559999998976,0.07359999997056,0.06639999997344,0.13759999994496,0.057999999976800005,0.09279999996288,0.25439999989824,0.14759999994096,0.1028,0
223.1292,215.2868,231.802,32.37156325171832,42.63432121847374,18.285721095980875,0.11479999995408001,0.09719999996112,0.05119999997952,0.11679999995328001,0.08319999996672,0.08719999996512,0.0459999999816,0.10439999995824001,0.11159999995536,0.18759999992496001,0.2044,0
226.3116,219.3208,231.9752,30.726342207298284,41.85533523172404,21.17922059378012,0.10679999995728001,0.08839999996464,0.037999999984800005,0.10759999995696,0.08359999996656,0.08639999996544001,0.047599999980960005,0.10399999995840001,0.14679999994128,0.19079999992368002,0.152,0
201.3336,184.9048,215.536,47.47924084313059,64.16188694980845,32.223269604433376,0.10039999995984,0.10679999995728001,0.04039999998384,0.10719999995712,0.08959999996416,0.08519999996592001,0.04479999998208,0.11279999995488,0.11399999995440001,0.19879999992048,0.2404,0
220.7084,211.776,228.7636,35.89160583534819,48.89252932708636,23.421044277316074,0.11519999995392001,0.10399999995840001,0.030799999987680002,0.09559999996176001,0.08079999996768,0.08639999996544001,0.04879999998048,0.1079999999568,0.1259999999496,0.20439999991824,0.1912,0
219.67,210.5912,227.4668,36.41448475538271,48.63865214579861,25.503240926595975,0.10399999995840001,0.09079999996368,0.04639999998144,0.12239999995104,0.08559999996576001,0.08479999996608001,0.052399999979040005,0.09679999996128,0.11879999995248,0.1979999999208,0.2128,0
193.4876,174.1352,212.3588,47.03998561054201,63.91007526955355,30.841888116002234,0.09479999996208001,0.09239999996304,0.05359999997856,0.12479999995008001,0.08639999996544001,0.07839999996864,0.05879999997648,0.09999999996,0.13039999994784002,0.18039999992784,0.2768,0
178.6444,150.8648,203.5896,40.64895999456813,57.21160827104933,26.725964376239073,0.10439999995824001,0.10479999995808001,0.06079999997568,0.11399999995440001,0.08359999996656,0.08159999996736,0.06319999997472,0.10039999995984,0.09839999996064,0.18879999992448002,0.2424,0
173.748,144.238,201.9276,40.90353158347089,56.07656690632906,25.468568044552484,0.10599999995760001,0.10359999995856001,0.052799999978880005,0.09879999996048,0.08319999996672,0.08079999996768,0.058399999976640006,0.09479999996208001,0.11679999995328001,0.20479999991808,0.16,0
182.6788,156.004,206.6528,39.41619502894717,55.98414046852912,25.1398856831132,0.10639999995744001,0.09359999996256001,0.05359999997856,0.11359999995456001,0.0979999999608,0.07839999996864,0.05079999997968,0.09879999996048,0.10959999995616,0.19719999992112,0.2048,0
192.25,171.9216,212.8632,41.56163014127333,56.61297601645757,27.681872873055394,0.10319999995872,0.10319999995872,0.056799999977280004,0.09959999996016,0.0919999999632,0.08599999996560001,0.05359999997856,0.10239999995904,0.10839999995664,0.19479999992208,0.202,0
181.4332,164.2844,199.9536,50.278989028817996,61.07588326532822,41.25346345508459,0.10239999995904,0.09399999996240001,0.06359999997456,0.12519999994992,0.09559999996176001,0.10119999995952,0.06399999997440001,0.08479999996608001,0.09399999996240001,0.17519999992992,0.3116,0
185.5576,170.4196,198.2036,55.461852495566724,67.96206247488374,47.25047880223014,0.10319999995872,0.09399999996240001,0.058399999976640006,0.10639999995744001,0.09559999996176001,0.11159999995536,0.047199999981120004,0.0979999999608,0.1179999999528,0.16759999993296001,0.294,0
182.9492,168.3156,191.2776,59.19671122081023,72.46270210694603,54.518882400870986,0.1019999999592,0.10079999995968,0.06079999997568,0.10879999995648,0.09079999996368,0.08359999996656,0.0539999999784,0.09879999996048,0.1119999999552,0.18839999992464002,0.2796,0
199.4012,188.0108,208.4844,48.22867444332262,58.94176349041484,41.598117224701404,0.08839999996464,0.1019999999592,0.06359999997456,0.11959999995216,0.09719999996112,0.10839999995664,0.057199999977120004,0.09239999996304,0.08919999996432,0.1819999999272,0.2864,0
171.7476,153.3608,185.2028,56.643734818954165,70.13427281550726,49.08302427683119,0.0979999999608,0.08959999996416,0.06679999997328,0.12359999995056001,0.11279999995488,0.09639999996144001,0.057999999976800005,0.09479999996208001,0.08559999996576001,0.17439999993024,0.3184,0
150.7976,115.7056,169.0872,50.061600396311746,67.60945886959901,44.14757520136298,0.09639999996144001,0.09919999996032,0.057199999977120004,0.09959999996016,0.09159999996336,0.10039999995984,0.07039999997184,0.09639999996144001,0.10279999995888,0.1859999999256,0.2232,0
147.5312,118.3324,164.9044,59.699315126389855,76.99220421731022,52.473491027756104,0.08639999996544001,0.09999999996,0.05879999997648,0.09999999996,0.11359999995456001,0.10439999995824001,0.06639999997344,0.0879999999648,0.10399999995840001,0.17839999992864,0.1992,0
189.4764,180.3,198.3816,64.30485396173448,73.87632638403184,56.36716048764564,0.08279999996688,0.08719999996512,0.04039999998384,0.08959999996416,0.0779999999688,0.10879999995648,0.04879999998048,0.08719999996512,0.23039999990784002,0.14679999994128,0.2364,0
223.08,214.6004,227.286,28.610627396126777,39.32178937739228,25.157539704828057,0.11439999995424001,0.09959999996016,0.053199999978720006,0.11759999995296,0.07479999997008001,0.08319999996672,0.05439999997824,0.10479999995808001,0.10159999995936,0.19639999992144,0.2756,0
201.474,183.2352,206.6528,42.52742790247254,60.08045173731635,38.65304453933739,0.11759999995296,0.10159999995936,0.047599999980960005,0.09679999996128,0.08519999996592001,0.08399999996640001,0.06119999997552,0.09359999996256001,0.1119999999552,0.20039999991984,0.2724,0
186.8992,162.5376,198.5052,45.39051265804343,64.04888590943641,36.82838542428924,0.11079999995568,0.10639999995744001,0.05119999997952,0.08599999996560001,0.09559999996176001,0.08039999996784,0.04999999998,0.09479999996208001,0.12319999995072001,0.20159999991936,0.2144,0
218.7172,208.6628,222.918,34.32078705624333,46.96140006601166,29.58841793675356,0.11439999995424001,0.09919999996032,0.047599999980960005,0.11159999995536,0.07759999996896,0.07679999996928,0.053199999978720006,0.11759999995296,0.10359999995856001,0.19839999992064,0.2416,0
221.726,212.7516,226.4212,32.097210533004265,43.691064274517274,26.92188311689953,0.10919999995632,0.08519999996592001,0.03879999998448,0.12239999995104,0.08959999996416,0.09239999996304,0.04839999998064,0.09919999996032,0.1079999999568,0.20679999991728001,0.2276,0
225.0204,217.628,229.1764,27.85898748770314,38.05987934820603,23.33741380359015,0.11639999995344001,0.09119999996352,0.03319999998672,0.10039999995984,0.07759999996896,0.08119999996752,0.042399999983040004,0.11239999995504,0.12399999995040001,0.22119999991152,0.212,0
218.81,210.2644,227.76,39.4438271469694,50.150837407165994,24.551431730145595,0.1079999999568,0.0879999999648,0.03919999998432,0.11639999995344001,0.07159999997136,0.08679999996528,0.06519999997392001,0.10079999995968,0.119999999952,0.2039999999184,0.1764,0
183.6384,162.6316,205.896,50.3349306688705,65.552243908504,32.87900825754937,0.08959999996416,0.10719999995712,0.056799999977280004,0.11839999995264,0.09399999996240001,0.09319999996272,0.04959999998016,0.09159999996336,0.11079999995568,0.18879999992448002,0.2996,0
173.494,146.164,199.8864,45.826729798230204,62.00769874781679,29.3718078272346,0.09759999996096,0.1019999999592,0.04639999998144,0.08439999996624001,0.08079999996768,0.09079999996368,0.05919999997632,0.10559999995776001,0.14839999994064001,0.18479999992608,0.148,0
151.6728,111.4172,186.8036,15.391352772254944,19.54584211948925,13.488403428130402,0.11759999995296,0.11519999995392001,0.06279999997488,0.07679999996928,0.07279999997088,0.07399999997040001,0.057999999976800005,0.09519999996192001,0.12319999995072001,0.20439999991824,0.048,0
193.3956,172.7496,212.7816,43.675282490672,61.37402463453085,27.88710636548726,0.09919999996032,0.0979999999608,0.05039999997984,0.11679999995328001,0.11159999995536,0.08559999996576001,0.06479999997408001,0.10359999995856001,0.08959999996416,0.18039999992784,0.2144,0
212.5324,202.1056,221.8636,39.931603401816965,50.52506752731757,30.577615914913974,0.10519999995792001,0.0919999999632,0.05119999997952,0.12319999995072001,0.08919999996432,0.09479999996208001,0.06399999997440001,0.09279999996288,0.11039999995584,0.17719999992912,0.2416,0
189.0504,169.7728,207.7492,44.45752871944188,58.92742298930099,32.08503544271067,0.10119999995952,0.1019999999592,0.05479999997808,0.09239999996304,0.07599999996960001,0.10519999995792001,0.051999999979200004,0.10399999995840001,0.139999999944,0.17239999993104002,0.2036,0
179.2984,162.1188,189.364,58.06785476871002,70.82238549046481,53.39529851962624,0.09319999996272,0.10919999995632,0.056799999977280004,0.11479999995408001,0.11239999995504,0.08959999996416,0.04959999998016,0.09399999996240001,0.09759999996096,0.18279999992688,0.2952,0
166.5148,146.046,178.7004,63.28583554761681,78.41181469651114,56.91151939493445,0.10319999995872,0.09959999996016,0.051999999979200004,0.09479999996208001,0.09599999996160001,0.08639999996544001,0.05479999997808,0.0919999999632,0.12959999994816002,0.19159999992336002,0.24,0
167.8576,142.1252,177.5724,56.680717375841326,75.75476701145611,52.018942302203726,0.09679999996128,0.10919999995632,0.05479999997808,0.09359999996256001,0.07319999997072,0.09359999996256001,0.05519999997792,0.10039999995984,0.13319999994672,0.18999999992400002,0.2548,0
193.6292,178.8408,200.8972,55.655365485818166,71.85000664829475,50.161525416996646,0.0879999999648,0.09079999996368,0.04479999998208,0.10599999995760001,0.08159999996736,0.13119999994752002,0.04919999998032,0.089999999964,0.16759999993296001,0.15079999993968002,0.2536,0
219.38,213.9388,221.542,50.000219999516,61.24450550506551,47.48449258442171,0.032799999986880005,0.04359999998256,0.015599999993760001,0.07759999996896,0.032399999987040004,0.1579999999368,0.02439999999024,0.08319999996672,0.4579999998168,0.07439999997024001,0.0652,0
213.6012,208.2596,214.638,58.65912169952769,69.03879639622927,58.297593054945246,0.03839999998464,0.04879999998048,0.0179999999928,0.06599999997360001,0.031199999987520002,0.15119999993952002,0.0339999999864,0.09399999996240001,0.42319999983072004,0.09519999996192001,0.0764,0
194.2348,174.7556,208.9908,45.003871710776174,61.88627528491273,32.476260797080684,0.10399999995840001,0.09359999996256001,0.05519999997792,0.13079999994768002,0.09959999996016,0.08279999996688,0.046799999981280004,0.10119999995952,0.10679999995728001,0.17919999992832,0.2776,0
171.9564,147.5812,198.7724,52.43833043719069,67.33779478539522,33.07168877212048,0.10439999995824001,0.1019999999592,0.057999999976800005,0.09759999996096,0.06839999997264,0.09039999996384,0.057999999976800005,0.0919999999632,0.12759999994896,0.20159999991936,0.2288,0
127.2144,96.464,177.5848,42.62220586314134,49.7283088793496,23.778620838055346,0.11119999995552,0.10879999995648,0.05959999997616,0.08119999996752,0.079999999968,0.08159999996736,0.0539999999784,0.10479999995808001,0.11719999995312,0.20159999991936,0.1632,0
149.1712,112.624,181.53,32.61332688579931,42.40945441761778,22.32971786655622,0.11239999995504,0.11839999995264,0.05879999997648,0.08559999996576001,0.07759999996896,0.06599999997360001,0.0559999999776,0.10559999995776001,0.12039999995184,0.19919999992032,0.1512,0
199.7964,183.1116,215.4948,43.95464647838724,59.683471291807415,28.17143895792332,0.11439999995424001,0.08759999996496,0.04639999998144,0.12079999995168,0.09999999996,0.07879999996848,0.0559999999776,0.09559999996176001,0.10599999995760001,0.19439999992224,0.2088,0
174.0896,146.8064,202.0896,39.83929682913593,53.72501204318153,26.38337301862671,0.11559999995376001,0.10879999995648,0.05439999997824,0.0979999999608,0.08119999996752,0.07399999997040001,0.051999999979200004,0.10159999995936,0.11399999995440001,0.20039999991984,0.2076,0
161.3524,131.6344,188.3544,37.845742352872406,48.888558340781536,34.407382937968414,0.1219999999512,0.11359999995456001,0.0559999999776,0.08279999996688,0.07239999997104,0.0779999999688,0.05439999997824,0.10479999995808001,0.11639999995344001,0.19959999992016,0.2352,0
159.5536,136.1356,175.8516,58.825388456345955,70.8454403094511,54.503166673506236,0.09559999996176001,0.09879999996048,0.069999999972,0.1079999999568,0.10679999995728001,0.1019999999592,0.06039999997584,0.08879999996448,0.09359999996256001,0.1759999999296,0.3128,0
163.9056,133.2888,176.2648,53.84817813668351,73.63595721222072,48.15568378665181,0.09639999996144001,0.09919999996032,0.04839999998064,0.08599999996560001,0.08639999996544001,0.1019999999592,0.06439999997424001,0.09679999996128,0.1419999999432,0.17839999992864,0.2004,0
215.57,207.4652,219.932,47.97534679395241,62.584988527281844,41.87221723290994,0.046799999981280004,0.04479999998208,0.021599999991360003,0.07559999996976001,0.03959999998416,0.1639999999344,0.04079999998368,0.08319999996672,0.36679999985328,0.11679999995328001,0.0516,0
216.6856,207.2492,229.796,39.893903702696235,50.58257307966846,19.57639353915833,0.1079999999568,0.09359999996256001,0.0439999999824,0.11439999995424001,0.09479999996208001,0.08279999996688,0.04559999998176,0.10319999995872,0.11319999995472001,0.20039999991984,0.2196,0
165.942,136.8016,190.9868,43.08583335622046,57.408144347644615,30.76486674373871,0.10719999995712,0.09919999996032,0.06319999997472,0.09239999996304,0.08519999996592001,0.08359999996656,0.057599999976960005,0.09639999996144001,0.12519999994992,0.18999999992400002,0.292,0
155.6452,129.3636,189.0904,51.1133731714118,64.46522934916155,31.381673439126857,0.10239999995904,0.10599999995760001,0.05879999997648,0.07279999997088,0.06599999997360001,0.08639999996544001,0.06039999997584,0.09919999996032,0.15959999993616,0.18839999992464002,0.2344,0
136.2288,99.1632,170.6384,30.852352431540776,36.4252407783394,23.36605327050334,0.11399999995440001,0.11959999995216,0.069999999972,0.07879999996848,0.06039999997584,0.07119999997152,0.053199999978720006,0.10119999995952,0.12439999995024001,0.20719999991712001,0.1904,0
170.85,143.1852,196.7316,46.15543629953031,62.405273022077225,30.268471409042114,0.10519999995792001,0.11039999995584,0.06279999997488,0.09879999996048,0.08959999996416,0.07119999997152,0.05479999997808,0.09679999996128,0.11159999995536,0.19879999992048,0.1876,0
199.5336,181.7236,215.9652,41.97417385774257,59.20884395966535,26.533375001307316,0.10039999995984,0.09959999996016,0.04919999998032,0.09879999996048,0.07519999996992001,0.08919999996432,0.05439999997824,0.10119999995952,0.1359999999456,0.1959999999216,0.19,0
169.3684,139.28,191.1756,40.24757236703849,55.7507165873229,34.864881537730774,0.11079999995568,0.10119999995952,0.05879999997648,0.09599999996160001,0.08719999996512,0.07519999996992001,0.04919999998032,0.10359999995856001,0.11399999995440001,0.2039999999184,0.248,0
155.5744,120.6184,185.518,33.563737346129976,45.62464226095368,33.7579868475595,0.12159999995136,0.11159999995536,0.05879999997648,0.06519999997392001,0.08519999996592001,0.07439999997024001,0.05079999997968,0.09279999996288,0.13039999994784002,0.20919999991632002,0.2364,0
185.5308,163.2144,211.0672,40.92690375975197,56.07625194893111,23.80845824827807,0.10519999995792001,0.09999999996,0.04959999998016,0.10479999995808001,0.11159999995536,0.09719999996112,0.05079999997968,0.09319999996272,0.10399999995840001,0.18359999992656,0.214,0
154.0632,115.7304,188.9952,22.988066594648625,32.37983501872732,21.65491115105301,0.12839999994864001,0.11479999995408001,0.05359999997856,0.047599999980960005,0.06279999997488,0.07919999996832,0.062399999975040005,0.10119999995952,0.13319999994672,0.21679999991328,0.1472,0
139.9184,100.5336,163.4592,37.64529906163583,46.069530831559376,35.583315407083695,0.10719999995712,0.10879999995648,0.0679999999728,0.07279999997088,0.09439999996224001,0.0879999999648,0.06679999997328,0.0919999999632,0.1179999999528,0.1839999999264,0.22,0
202.2236,192.6704,209.194,61.03872871415327,73.99413600982176,53.864730241596874,0.05119999997952,0.06039999997584,0.03039999998784,0.09079999996368,0.06519999997392001,0.1419999999432,0.046799999981280004,0.089999999964,0.32439999987024004,0.09879999996048,0.122,0
181.2288,155.1436,199.8104,44.74271840825052,63.409284643812214,33.74958446914569,0.0879999999648,0.08919999996432,0.043199999982720005,0.08599999996560001,0.05519999997792,0.11159999995536,0.046799999981280004,0.09399999996240001,0.22959999990816002,0.15639999993744,0.1492,0
228.4316,223.728,233.3604,30.981021956029792,41.19179063842697,20.53637046413022,0.029999999988,0.037199999985120004,0.00679999999728,0.07679999996928,0.025999999989600002,0.16719999993312,0.02479999999008,0.09559999996176001,0.46439999981424,0.07119999997152,0.032,0
120.0944,84.3484,173.2232,31.34267200862109,35.02501702269394,19.085905316751415,0.1259999999496,0.09879999996048,0.07759999996896,0.06639999997344,0.062399999975040005,0.069999999972,0.052399999979040005,0.09959999996016,0.12639999994944,0.22039999991184,0.0796,0
126.8128,92.2944,176.9936,36.778256567705874,41.40658557089681,21.418028831804296,0.11039999995584,0.10239999995904,0.07279999997088,0.08759999996496,0.07039999997184,0.07959999996816,0.06559999997376001,0.09119999996352,0.11719999995312,0.20279999991888,0.2024,0
149.2436,110.2124,179.1896,28.070544331024294,36.9898376076457,23.343556966323707,0.11719999995312,0.11159999995536,0.058399999976640006,0.09399999996240001,0.06359999997456,0.06359999997456,0.06359999997456,0.10079999995968,0.12119999995152,0.2059999999176,0.166,0
145.4724,103.3284,157.8876,21.984841101085994,28.708907214312426,30.060362044393276,0.12559999994976,0.11879999995248,0.05439999997824,0.062399999975040005,0.06919999997232,0.079999999968,0.04919999998032,0.10079999995968,0.12679999994928,0.21279999991488002,0.2572,0
148.1724,110.2472,150.7092,39.57508658537591,53.70776193586919,43.66132196074691,0.11039999995584,0.10679999995728001,0.057599999976960005,0.09279999996288,0.09679999996128,0.0719999999712,0.056799999977280004,0.09279999996288,0.11879999995248,0.19519999992192,0.3372,0
135.214,92.2744,151.7756,24.879039450911286,31.78378052781009,40.19152702548138,0.1359999999456,0.11919999995232,0.0459999999816,0.058399999976640006,0.057999999976800005,0.06599999997360001,0.05039999997984,0.10599999995760001,0.13359999994656,0.22639999990944001,0.24,0
170.4232,142.5716,183.6,50.897081466033,68.67470621298645,51.66077815906377,0.10479999995808001,0.11279999995488,0.057199999977120004,0.10119999995952,0.0879999999648,0.07359999997056,0.05439999997824,0.10319999995872,0.11719999995312,0.18759999992496001,0.2364,0
175.2364,149.3564,198.3604,42.09044208653551,56.36121875048481,31.400931703374663,0.11119999995552,0.10279999995888,0.06319999997472,0.08919999996432,0.09039999996384,0.08239999996704,0.06039999997584,0.09959999996016,0.10919999995632,0.19159999992336002,0.2592,0
145.6564,109.4316,171.1376,41.802047067577924,52.71067938700847,37.434244566172296,0.0979999999608,0.10159999995936,0.07599999996960001,0.08079999996768,0.0919999999632,0.10279999995888,0.06599999997360001,0.089999999964,0.10879999995648,0.1839999999264,0.2804,0
202.9016,190.1384,213.5124,56.77576875252329,74.2797256688526,44.24172065189147,0.047199999981120004,0.07679999996928,0.031999999987200003,0.0819999999672,0.06079999997568,0.13759999994496,0.042799999982880005,0.08879999996448,0.3079999998768,0.12399999995040001,0.0732,0
221.0792,211.7888,226.686,32.96454045425175,45.843230629614226,27.128232600005475,0.10879999995648,0.10319999995872,0.04479999998208,0.10639999995744001,0.06639999997344,0.09639999996144001,0.04119999998352,0.1079999999568,0.12319999995072001,0.20159999991936,0.1836,0
177.3008,150.996,189.1788,49.86502501112378,69.77959575692597,45.00643987875513,0.09119999996352,0.09239999996304,0.03959999998416,0.07159999997136,0.06319999997472,0.09359999996256001,0.042799999982880005,0.09999999996,0.23919999990432,0.16639999993344,0.1824,0
136.6584,109.7592,180.6632,58.79341552793136,71.27759546561599,35.83172010607361,0.10119999995952,0.10119999995952,0.05119999997952,0.07159999997136,0.06119999997552,0.08959999996416,0.056799999977280004,0.10439999995824001,0.16999999993200002,0.19279999992288002,0.1316,0
123.9212,92.1232,165.858,43.93647904145256,52.29247767853422,31.31481815371119,0.10639999995744001,0.10839999995664,0.07159999997136,0.08279999996688,0.07679999996928,0.08519999996592001,0.06359999997456,0.089999999964,0.11439999995424001,0.20079999991968,0.1744,0
131.4828,88.942,168.2044,16.813378725288977,14.948720212780758,14.957119396461339,0.13039999994784002,0.1179999999528,0.06639999997344,0.056799999977280004,0.04959999998016,0.07639999996944,0.057999999976800005,0.10039999995984,0.12039999995184,0.22359999991056,0.0284,0
143.0604,100.088,170.6848,14.050108605985935,18.113869161501636,16.545713915089912,0.1259999999496,0.13159999994736002,0.057999999976800005,0.06359999997456,0.04919999998032,0.06439999997424001,0.06039999997584,0.10719999995712,0.12519999994992,0.21439999991424,0.0444,0
172.4084,143.4988,191.7936,44.5795649310309,62.76506351912663,34.9549052214421,0.10239999995904,0.11519999995392001,0.0539999999784,0.10879999995648,0.10159999995936,0.07359999997056,0.047199999981120004,0.10519999995792001,0.1079999999568,0.1839999999264,0.2096,0
171.1424,142.4216,181.7248,49.225974060855314,67.75380619153437,49.47679319600251,0.11919999995232,0.10079999995968,0.05359999997856,0.1019999999592,0.08559999996576001,0.07959999996816,0.04999999998,0.09919999996032,0.11719999995312,0.19279999992288002,0.2632,0
155.7356,121.9096,177.7892,43.099485990438446,57.176371237076594,44.64887863496686,0.11879999995248,0.10759999995696,0.0559999999776,0.08159999996736,0.08359999996656,0.07879999996848,0.0559999999776,0.09359999996256001,0.11599999995360001,0.20799999991680002,0.2248,0
191.1976,168.5292,199.7744,42.85116747814463,60.630490245090385,37.07107099397049,0.11239999995504,0.10839999995664,0.05559999997776,0.11319999995472001,0.08159999996736,0.08079999996768,0.05359999997856,0.09919999996032,0.10599999995760001,0.18919999992432002,0.2804,1
159.17,120.1144,167.536,23.575994146589025,32.0107187148305,22.339774036457932,0.13039999994784002,0.11839999995264,0.05919999997632,0.053199999978720006,0.06399999997440001,0.06839999997264,0.047999999980800005,0.10919999995632,0.13679999994528,0.21239999991504002,0.2752,1
162.446,124.206,170.5576,25.63024549238653,34.80316600540819,23.820736391639954,0.1339999999464,0.11079999995568,0.05439999997824,0.06959999997216,0.061999999975200004,0.06559999997376001,0.051999999979200004,0.10559999995776001,0.1339999999464,0.21199999991520002,0.3036,1
161.6836,123.8536,165.206,31.913174255156754,44.2443958828686,32.605121744903826,0.1179999999528,0.10479999995808001,0.05439999997824,0.08319999996672,0.08719999996512,0.0719999999712,0.05479999997808,0.09639999996144001,0.12439999995024001,0.20479999991808,0.3408,1
183.0716,156.6304,186.9688,48.01052461117249,67.7414629000585,46.163984084565314,0.11599999995360001,0.10559999995776001,0.053199999978720006,0.08599999996560001,0.0719999999712,0.07399999997040001,0.059999999976,0.10679999995728001,0.13159999994736002,0.19479999992208,0.2604,1
179.486,152.1204,190.7676,45.14644840959253,63.545060420460686,38.879608926016736,0.10919999995632,0.109999999956,0.04639999998144,0.11039999995584,0.08679999996528,0.07639999996944,0.04519999998192,0.10559999995776001,0.11559999995376001,0.19439999992224,0.2524,1
214.2932,202.1008,220.0164,37.682919655461944,52.85236266582602,31.872284684973557,0.10159999995936,0.09919999996032,0.046799999981280004,0.11959999995216,0.07879999996848,0.089999999964,0.04559999998176,0.1019999999592,0.09959999996016,0.21679999991328,0.2556,1
172.0968,140.576,184.9376,37.34966974097629,52.78556075291803,32.46703106599062,0.13119999994752002,0.10399999995840001,0.0539999999784,0.07639999996944,0.06039999997584,0.06319999997472,0.05959999997616,0.0979999999608,0.13759999994496,0.21559999991376,0.2436,1
162.5492,125.6748,176.0948,28.030204768427932,38.694602271634736,23.86110250931419,0.11719999995312,0.11599999995360001,0.059999999976,0.06519999997392001,0.08479999996608001,0.07599999996960001,0.0559999999776,0.09999999996,0.12639999994944,0.19839999992064,0.27,1
157.7584,117.5664,166.252,23.458304061461902,31.377074290634553,21.143237595032602,0.12279999995088,0.119999999952,0.05639999997744,0.05879999997648,0.06639999997344,0.07399999997040001,0.05559999997776,0.10119999995952,0.13119999994752002,0.21359999991456002,0.302,1
160.2416,120.9144,163.9284,25.807224365281908,34.485670540675294,24.769385810714,0.12079999995168,0.11959999995216,0.0559999999776,0.06079999997568,0.07599999996960001,0.07359999997056,0.06599999997360001,0.10239999995904,0.1219999999512,0.20279999991888,0.326,1
164.9276,127.134,169.3996,26.09698753189724,34.926952973312744,25.0144422252426,0.12519999994992,0.10919999995632,0.06119999997552,0.06719999997312,0.06919999997232,0.07119999997152,0.0539999999784,0.09999999996,0.12759999994896,0.21519999991392,0.336,1
161.1172,122.6476,169.7644,28.783027362666353,39.52215852202407,26.844680900319897,0.12159999995136,0.11119999995552,0.06559999997376001,0.07639999996944,0.06319999997472,0.07359999997056,0.05359999997856,0.10679999995728001,0.12359999995056001,0.20439999991824,0.3184,1
157.1492,116.69,161.5608,25.357392203458147,35.243363914359826,25.47602605117211,0.11919999995232,0.1179999999528,0.06279999997488,0.06439999997424001,0.06559999997376001,0.07599999996960001,0.04919999998032,0.10439999995824001,0.13559999994576,0.20479999991808,0.3196,1
184.5372,161.1164,201.4708,46.1864289175944,62.686104130341356,35.148342028607836,0.09679999996128,0.10479999995808001,0.057999999976800005,0.11719999995312,0.09239999996304,0.07719999996912,0.042799999982880005,0.09399999996240001,0.11639999995344001,0.20039999991984,0.2876,1
223.1876,214.948,228.7076,29.427925619044235,40.61105878944798,22.149503431002692,0.09919999996032,0.10679999995728001,0.04839999998064,0.11759999995296,0.0779999999688,0.08599999996560001,0.04439999998224,0.09919999996032,0.1119999999552,0.20839999991664002,0.2248,1
160.8804,124.1112,174.2812,34.74494057902532,48.936289546307044,31.79453611172838,0.11599999995360001,0.10919999995632,0.056799999977280004,0.09119999996352,0.0719999999712,0.07919999996832,0.0559999999776,0.09999999996,0.11719999995312,0.20239999991904,0.2708,1
156.5376,117.5592,170.1036,25.91037989378002,35.490879044622154,23.922576513410927,0.13519999994592,0.11039999995584,0.05439999997824,0.059999999976,0.06679999997328,0.06519999997392001,0.05039999997984,0.1179999999528,0.12879999994848002,0.21079999991568002,0.2536,1
164.6428,129.3416,176.1156,34.70658738856357,48.422979146682,30.315775375866604,0.11559999995376001,0.11239999995504,0.05159999997936,0.07519999996992001,0.08919999996432,0.07119999997152,0.047999999980800005,0.10559999995776001,0.12719999994912,0.2039999999184,0.3012,1
156.9932,117.9136,165.9608,28.450580903735517,38.69368598414992,25.392425314648463,0.12039999995184,0.1119999999552,0.0459999999816,0.06279999997488,0.08679999996528,0.07959999996816,0.05079999997968,0.09559999996176001,0.12959999994816002,0.21639999991344,0.3268,1
154.9844,113.8272,160.5296,22.208488391603783,29.395097212970736,21.121068245711438,0.13039999994784002,0.11439999995424001,0.059999999976,0.052799999978880005,0.06039999997584,0.07359999997056,0.04359999998256,0.09319999996272,0.1439999999424,0.22759999990896002,0.2364,1
157.5376,117.2476,162.1632,24.851184805558066,33.62979473978395,23.573641334337808,0.1259999999496,0.10599999995760001,0.05919999997632,0.0679999999728,0.07119999997152,0.06719999997312,0.0539999999784,0.10559999995776001,0.12719999994912,0.21559999991376,0.3108,1
152.5644,110.5452,155.666,24.16061780335925,32.861234866632756,24.85511705866621,0.12039999995184,0.12279999995088,0.052399999979040005,0.06079999997568,0.06679999997328,0.07879999996848,0.05559999997776,0.09679999996128,0.13559999994576,0.20999999991600002,0.31,1
150.6868,108.6476,160.6684,20.781046791728276,27.773444407203076,20.62935872585476,0.1259999999496,0.11839999995264,0.06519999997392001,0.05879999997648,0.0539999999784,0.06719999997312,0.05959999997616,0.10919999995632,0.13319999994672,0.20839999991664002,0.24,1
152.8248,114.084,174.7992,31.37464748742207,43.71186731312219,27.91257206636465,0.12519999994992,0.11119999995552,0.05919999997632,0.069999999972,0.07279999997088,0.06879999997248,0.05439999997824,0.10719999995712,0.12519999994992,0.2059999999176,0.1552,1
209.5304,195.4128,215.9772,40.96946516419271,56.85345368717717,35.877300346597984,0.10399999995840001,0.10119999995952,0.047599999980960005,0.12719999994912,0.08239999996704,0.08559999996576001,0.04519999998192,0.11359999995456001,0.10719999995712,0.1859999999256,0.2356,1
163.836,128.1512,171.4364,38.0625945516067,53.881220648385465,36.66094863802627,0.10479999995808001,0.10919999995632,0.061999999975200004,0.10279999995888,0.08519999996592001,0.07559999996976001,0.053199999978720006,0.09839999996064,0.11239999995504,0.19639999992144,0.314,1
156.5988,117.474,169.0988,25.0259752768998,34.548026340154365,23.19267639924293,0.12359999995056001,0.11479999995408001,0.06279999997488,0.06479999997408001,0.07239999997104,0.06439999997424001,0.05519999997792,0.09719999996112,0.13639999994544,0.20839999991664002,0.2528,1
157.5704,118.7216,168.3896,28.19387599887607,38.68938993367561,25.568422161721283,0.11719999995312,0.12719999994912,0.05559999997776,0.06279999997488,0.08759999996496,0.07479999997008001,0.042799999982880005,0.10479999995808001,0.13079999994768002,0.19639999992144,0.2868,1
149.5624,106.8288,155.2472,21.19842697560364,28.536423927324883,21.041209379691082,0.12639999994944,0.11439999995424001,0.05359999997856,0.05039999997984,0.07319999997072,0.06319999997472,0.05039999997984,0.09839999996064,0.13919999994432,0.23079999990768002,0.24,1
152.9584,111.9116,161.9576,24.14023755972588,32.74255618365799,22.191507435052717,0.12639999994944,0.1179999999528,0.058399999976640006,0.0539999999784,0.06559999997376001,0.06559999997376001,0.052799999978880005,0.09359999996256001,0.15319999993872,0.21239999991504002,0.2604,1
154.3788,113.2828,160.0156,24.01566385840708,32.53563621876788,23.03102595717351,0.12119999995152,0.1219999999512,0.057199999977120004,0.056799999977280004,0.07119999997152,0.061599999975360004,0.04999999998,0.10719999995712,0.13439999994624,0.21839999991264,0.2772,1
155.3492,114.61,159.5452,26.411286590395402,36.281029478227325,25.826140961436728,0.11559999995376001,0.11279999995488,0.05519999997792,0.07159999997136,0.07959999996816,0.06759999997296,0.05559999997776,0.09399999996240001,0.13239999994704,0.21559999991376,0.2928,1
152.0028,110.156,157.7348,22.187699118205117,29.615652348040555,22.438120887454012,0.12759999994896,0.10399999995840001,0.057599999976960005,0.06439999997424001,0.07079999997168,0.07039999997184,0.05359999997856,0.09639999996144001,0.13359999994656,0.22159999991136,0.2928,1
144.4168,101.3944,157.98,18.076921136078454,22.634355494248123,23.236979149622698,0.12559999994976,0.11439999995424001,0.0679999999728,0.057199999977120004,0.057199999977120004,0.06319999997472,0.05479999997808,0.10319999995872,0.12879999994848002,0.22759999990896002,0.2068,1
195.8924,177.1128,210.9168,44.44195340261272,61.22023910570752,32.76182348038644,0.10359999995856001,0.10679999995728001,0.05119999997952,0.119999999952,0.08439999996624001,0.079999999968,0.056799999977280004,0.09839999996064,0.1079999999568,0.19079999992368002,0.2736,1
164.9728,130.12,178.3628,35.87180592275778,50.68260451081811,32.35237203297464,0.12479999995008001,0.11119999995552,0.05039999997984,0.08039999996784,0.07759999996896,0.06519999997392001,0.05119999997952,0.09839999996064,0.12759999994896,0.21319999991472002,0.2548,1
150.73,109.4124,169.4108,20.325538123257648,26.781738670967577,21.52095823517159,0.11759999995296,0.12319999995072001,0.06119999997552,0.057999999976800005,0.06919999997232,0.06879999997248,0.059999999976,0.10559999995776001,0.12759999994896,0.20879999991648002,0.2328,1
152.314,111.8704,169.7728,26.14778392139571,35.39002124667348,24.13600588664164,0.11679999995328001,0.12039999995184,0.057999999976800005,0.061599999975360004,0.07519999996992001,0.07839999996864,0.0719999999712,0.09359999996256001,0.12319999995072001,0.20079999991968,0.238,1
145.8544,102.07,154.608,19.697949148071228,26.29446139398942,19.4791769846675,0.13239999994704,0.11399999995440001,0.056799999977280004,0.0539999999784,0.05439999997824,0.061599999975360004,0.05639999997744,0.10599999995760001,0.14439999994224,0.219999999912,0.1908,1
147.0484,103.1456,153.4392,17.29079690008532,22.792060035020967,17.82483389431722,0.13359999994656,0.12519999994992,0.062399999975040005,0.042399999983040004,0.04839999998064,0.0539999999784,0.052799999978880005,0.10479999995808001,0.14759999994096,0.22879999990848002,0.2004,1
153.8468,112.4744,154.12,24.13605041758075,33.11479042120001,25.186409033445003,0.12319999995072001,0.12879999994848002,0.05959999997616,0.0439999999824,0.06759999997296,0.06719999997312,0.052399999979040005,0.10479999995808001,0.13839999994464,0.2139999999144,0.2724,1
152.0516,109.4588,157.66,22.798546827374764,30.82700605897368,22.43546299945691,0.12159999995136,0.1119999999552,0.059999999976,0.06959999997216,0.06879999997248,0.07679999996928,0.05119999997952,0.09319999996272,0.1339999999464,0.21279999991488002,0.2704,1
156.076,115.8604,161.614,24.349271529144357,33.53258880313299,24.390756527832423,0.12719999994912,0.11319999995472001,0.06039999997584,0.06519999997392001,0.06439999997424001,0.06119999997552,0.06039999997584,0.08679999996528,0.13959999994416,0.22159999991136,0.2804,1
146.9288,104.2992,159.038,17.16495646833979,21.992309550386018,22.041355584446254,0.13839999994464,0.1179999999528,0.05639999997744,0.04479999998208,0.04959999998016,0.06839999997264,0.05359999997856,0.10599999995760001,0.13639999994544,0.22839999990864002,0.188,1
215.9632,205.27,223.6324,36.60886567158289,49.74262055822954,27.978442955961647,0.10919999995632,0.09679999996128,0.05039999997984,0.11439999995424001,0.08559999996576001,0.08359999996656,0.047999999980800005,0.09439999996224001,0.11759999995296,0.19999999992,0.2312,1
203.7648,188.074,212.536,42.94356157749378,59.14529671918132,35.29260409774263,0.10959999995616,0.09879999996048,0.04919999998032,0.11839999995264,0.07399999997040001,0.08719999996512,0.0539999999784,0.0979999999608,0.10639999995744001,0.20439999991824,0.234,1
179.0888,151.3316,189.0016,42.43757903745217,59.70267030409946,38.205371316609394,0.11239999995504,0.10359999995856001,0.06879999997248,0.09159999996336,0.07239999997104,0.08119999996752,0.05119999997952,0.10159999995936,0.11439999995424001,0.20279999991888,0.2756,1
153.3708,112.754,166.3688,23.303692998321104,31.769744789657974,22.753830151427255,0.12879999994848002,0.11359999995456001,0.06679999997328,0.05479999997808,0.06879999997248,0.06919999997232,0.05039999997984,0.0979999999608,0.1359999999456,0.21359999991456002,0.2092,1
146.6528,103.7804,158.5928,19.618507898410623,25.29688075316797,20.216087360317772,0.12799999994880001,0.11879999995248,0.06039999997584,0.0539999999784,0.05919999997632,0.07879999996848,0.047199999981120004,0.11319999995472001,0.13359999994656,0.20679999991728001,0.2228,1
145.9552,101.1888,151.5768,16.32643234022669,21.00288443428664,17.70134745605543,0.13199999994720002,0.11759999995296,0.06639999997344,0.04999999998,0.053199999978720006,0.057599999976960005,0.05079999997968,0.11039999995584,0.14039999994384,0.22159999991136,0.196,1
146.7236,102.6544,148.0576,21.791631491010488,29.200543841510896,23.88922523314643,0.12519999994992,0.12719999994912,0.05079999997968,0.04519999998192,0.06879999997248,0.06599999997360001,0.05639999997744,0.10879999995648,0.13239999994704,0.21919999991232,0.2172,1
151.268,109.2468,158.7612,21.495082600446082,28.65816968614709,21.127938246785938,0.12239999995104,0.11639999995344001,0.06639999997344,0.05919999997632,0.05919999997632,0.0679999999728,0.04559999998176,0.10479999995808001,0.14239999994304,0.21559999991376,0.2712,1
152.6844,112.6032,161.08,27.218611218061806,37.157644566899016,28.389336026050344,0.12519999994992,0.10919999995632,0.06519999997392001,0.06719999997312,0.07159999997136,0.07079999997168,0.0559999999776,0.09119999996352,0.12959999994816002,0.2139999999144,0.2368,1
165.048,132.578,176.7044,41.74931012603682,57.91877688625684,39.025409935579155,0.10439999995824001,0.109999999956,0.069999999972,0.10639999995744001,0.07959999996816,0.07119999997152,0.053199999978720006,0.10079999995968,0.11879999995248,0.18559999992576,0.25,1
218.2764,208.2052,222.0064,36.067869399785735,49.72330533019703,33.26248275520034,0.11279999995488,0.09479999996208001,0.03839999998464,0.12839999994864001,0.06959999997216,0.08119999996752,0.05159999997936,0.11159999995536,0.10359999995856001,0.20799999991680002,0.2364,1
187.6228,163.6444,192.2892,45.32388906702513,63.93569541844368,43.493769247560046,0.11399999995440001,0.09479999996208001,0.056799999977280004,0.12639999994944,0.08319999996672,0.08079999996768,0.05519999997792,0.09919999996032,0.10399999995840001,0.18559999992576,0.2852,1
157.234,119.49,168.9916,31.935109894910337,44.604962728378105,30.828239155683217,0.11359999995456001,0.10839999995664,0.06399999997440001,0.08439999996624001,0.06759999997296,0.07439999997024001,0.05959999997616,0.09399999996240001,0.12359999995056001,0.21039999991584002,0.2184,1
152.078,110.5684,162.1016,19.31457263311824,25.84219265929267,20.131608913348185,0.12879999994848002,0.11479999995408001,0.05359999997856,0.04639999998144,0.05439999997824,0.061599999975360004,0.06119999997552,0.10039999995984,0.14239999994304,0.23639999990544,0.2192,1
149.266,108.2456,146.4464,30.279815785437002,40.943195779518724,33.33905708084738,0.12039999995184,0.11159999995536,0.06439999997424001,0.06079999997568,0.08599999996560001,0.06519999997392001,0.047199999981120004,0.10039999995984,0.12999999994800002,0.2139999999144,0.3048,1
151.3628,110.2528,158.1316,23.062453819140757,30.589332979978494,24.830285569038466,0.1339999999464,0.11239999995504,0.057999999976800005,0.06039999997584,0.056799999977280004,0.06399999997440001,0.051999999979200004,0.09999999996,0.13719999994512,0.22519999990992,0.2616,1
156.1324,121.1712,178.7664,30.467997476696755,41.130887305770585,32.825219436281,0.13119999994752002,0.10919999995632,0.06119999997552,0.07359999997056,0.06399999997440001,0.07239999997104,0.05559999997776,0.08679999996528,0.12999999994800002,0.2159999999136,0.1816,1
189.8344,169.2016,209.06,44.567321847290756,61.27489663345015,30.955380792359833,0.11839999995264,0.10639999995744001,0.046799999981280004,0.09759999996096,0.07279999997088,0.08039999996784,0.05079999997968,0.11079999995568,0.11519999995392001,0.20079999991968,0.2168,1
222.6616,214.4112,225.2932,28.82316924697907,39.5908438222779,26.392848155513647,0.10559999995776001,0.09919999996032,0.05039999997984,0.13719999994512,0.0719999999712,0.0779999999688,0.057199999977120004,0.10119999995952,0.10119999995952,0.1979999999208,0.2592,1
183.64,158.2608,190.2276,44.71553644987389,63.200449233846435,41.86435952262975,0.109999999956,0.10239999995904,0.06399999997440001,0.11319999995472001,0.07839999996864,0.07519999996992001,0.056799999977280004,0.09079999996368,0.11519999995392001,0.1939999999224,0.2772,1
155.7204,117.8752,168.2196,31.61382962945173,43.471457589549495,32.7540192318439,0.12479999995008001,0.10599999995760001,0.062399999975040005,0.07839999996864,0.07239999997104,0.079999999968,0.05919999997632,0.09839999996064,0.11839999995264,0.19999999992,0.246,1
152.3604,112.1052,161.2908,21.837200183173668,28.407994173471664,26.239432832285075,0.13039999994784002,0.12399999995040001,0.05959999997616,0.053199999978720006,0.057999999976800005,0.06279999997488,0.06079999997568,0.10479999995808001,0.12519999994992,0.22119999991152,0.2292,1
213.4236,202.1948,224.2068,34.82165077993862,47.344905248189065,22.15462104753769,0.119999999952,0.09759999996096,0.05119999997952,0.11639999995344001,0.07319999997072,0.08239999996704,0.04999999998,0.10239999995904,0.10959999995616,0.19719999992112,0.2348,1
178.9624,152.9348,206.6128,36.77285121172955,50.62477011266323,22.45207509697044,0.09919999996032,0.11919999995232,0.061599999975360004,0.10639999995744001,0.09599999996160001,0.06719999997312,0.061999999975200004,0.09679999996128,0.10599999995760001,0.18559999992576,0.194,1
188.6004,166.6688,210.8752,40.42575317591498,56.16313298383558,25.857525499552352,0.10879999995648,0.11319999995472001,0.04999999998,0.09679999996128,0.07599999996960001,0.07439999997024001,0.06399999997440001,0.10559999995776001,0.12799999994880001,0.18319999992672,0.1816,1
